<?xml version="1.0" encoding="UTF-8"?>
<!-- Extra logging related to initialization of Log4j.
 Set to debug or trace if log4j initialization is failing. -->
<Configuration status="warn">
    <Properties>
        <Property name="basePath">C:/temp/logs</Property>
    </Properties>

    <Appenders>
        <RollingFile name="fileLogger"
                     fileName="${basePath}/app.log"
                     filePattern="${basePath}/app-%d{yyyy-MM-dd}.log">
            <PatternLayout>
                <pattern>[%-5level] %d{yyyy-MM-dd HH:mm:ss.SSS} [%t] %c{1} - %msg%n
                </pattern>
            </PatternLayout>
            <Policies>
                <TimeBasedTriggeringPolicy interval="1" modulate="true" />
                <SizeBasedTriggeringPolicy size="10MB" />
            </Policies>
            <!-- Max 10 files will be created everyday -->
            <DefaultRolloverStrategy max="10">
                <Delete basePath="${basePathr}" maxDepth="10">
                    <!-- Delete all files older than 30 days -->
                    <IfLastModified age="30d" />
                </Delete>
            </DefaultRolloverStrategy>
        </RollingFile>
        <!-- Console appender configuration -->
        <Console name="console" target="SYSTEM_OUT" >
            <PatternLayout
                    pattern="%d{yyyy-MM-dd HH:mm:ss} %highlight{%-5p}{DEBUG=blue,INFO=black,WARN=yellow} %c{1}:%L - %m%n" disableAnsi="false" charset="UTF-8"/>
        </Console>
    </Appenders>
    <Loggers>
        <!-- Root logger referring to console appender -->
        <Root level="info" additivity="false">
            <AppenderRef ref="fileLogger" />
            <AppenderRef ref="console" />
        </Root>
    </Loggers>
</Configuration>