<hibernate-configuration>
    <session-factory>
        <!-- CONFIGURACIÓN (MySQL) -->
        <property name="connection.driver_class">org.mariadb.jdbc.Driver</property>
        <property name="connection.url">jdbc:mariadb://localhost:3336/blog?createDatabaseIfNotExist=true</property>
        <property name="connection.username">root</property>
        <property name="connection.password">XXXXX</property>
        <property name="hibernate.dialect">org.hibernate.dialect.MariaDBDialect</property>
        <property name="hibernate.show_sql">true</property>
        <property name="hibernate.hbm2ddl.auto">create</property>

        <mapping class="model.Users"/>
        <mapping class="model.Posts"/>
        <mapping class="model.Comments"/>
        <mapping class="model.Scoring"/>
    </session-factory>
</hibernate-configuration>
