{
  "hash": "27e55182",
  "configHash": "c3e419ec",
  "lockfileHash": "f4c2ba1f",
  "browserHash": "e71d6a12",
  "optimized": {
    "@angular/core": {
      "src": "../../../../../node_modules/@angular/core/fesm2022/core.mjs",
      "file": "@angular_core.js",
      "fileHash": "67e77dd3",
      "needsInterop": false
    },
    "@angular/platform-browser": {
      "src": "../../../../../node_modules/@angular/platform-browser/fesm2022/platform-browser.mjs",
      "file": "@angular_platform-browser.js",
      "fileHash": "67703a70",
      "needsInterop": false
    },
    "@angular/router": {
      "src": "../../../../../node_modules/@angular/router/fesm2022/router.mjs",
      "file": "@angular_router.js",
      "fileHash": "641b34b2",
      "needsInterop": false
    },
    "@angular/common/http": {
      "src": "../../../../../node_modules/@angular/common/fesm2022/http.mjs",
      "file": "@angular_common_http.js",
      "fileHash": "8b9f7754",
      "needsInterop": false
    },
    "@angular/forms": {
      "src": "../../../../../node_modules/@angular/forms/fesm2022/forms.mjs",
      "file": "@angular_forms.js",
      "fileHash": "2fb37ed8",
      "needsInterop": false
    }
  },
  "chunks": {
    "chunk-WWEFANKG": {
      "file": "chunk-WWEFANKG.js"
    },
    "chunk-VUFOUAHF": {
      "file": "chunk-VUFOUAHF.js"
    },
    "chunk-VZUOXG3Z": {
      "file": "chunk-VZUOXG3Z.js"
    },
    "chunk-BDK72RLS": {
      "file": "chunk-BDK72RLS.js"
    }
  }
}